Category,RecordId,UserId,Date
WS_05,cmpf0pslr00143edaeadgxdba,cmp56458g000kxwtfgr7tplbs,Thu May 21 2026 10:26:19 GMT+0530 (India Standard Time)
WS_05,cmpgx92pm002i16cf8251pz13,cmp564b0s001uxwtf27ivohdh,Fri May 22 2026 18:25:22 GMT+0530 (India Standard Time)
WS_05,cmpf17jvi005f3edak0xejowi,cmpasn4kv00247rgvnqgj08gh,Thu May 21 2026 10:47:46 GMT+0530 (India Standard Time)
WS_05,cmpm4g60j000u12orj85a81u4,cmp564abg001qxwtfsaxc6qv9,Tue May 26 2026 13:04:59 GMT+0530 (India Standard Time)
WS_05,cmpgef7m50005rja7kdns5yr5,cmp564abg001qxwtfsaxc6qv9,Fri May 22 2026 10:25:07 GMT+0530 (India Standard Time)
WS_05,cmpgg8yd3004frja7b2tldvo6,cmp5647cg0012xwtf6x9u7lg5,Fri May 22 2026 10:28:47 GMT+0530 (India Standard Time)
WS_05,cmpghadnk0050rja72pdkqerw,cmp564b9k001wxwtf3d0mo8ok,Fri May 22 2026 10:58:43 GMT+0530 (India Standard Time)
WS_05,cmpnlbz4o005d113r9b5od2fg,cmp56475f0010xwtfhdqgssy3,Wed May 27 2026 11:18:33 GMT+0530 (India Standard Time)
WS_05,cmpm5recv003j12or3w46qgev,cmp6ux3a8002q13yg2xixkjkl,Tue May 26 2026 17:39:28 GMT+0530 (India Standard Time)
WS_05,cmpgedo200001rja7idyb7o4e,cmp564akv001sxwtf08gcor34,Fri May 22 2026 09:41:54 GMT+0530 (India Standard Time)
WS_05,cmpnj87nv0007113rb6ny6lej,cmp564abg001qxwtfsaxc6qv9,Wed May 27 2026 09:33:19 GMT+0530 (India Standard Time)
WS_05,cmpm753pp005812or7019f64d,cmp564b0s001uxwtf27ivohdh,Tue May 26 2026 17:04:47 GMT+0530 (India Standard Time)
WS_05,cmpmaqgxu00a63um4nh1llvmq,cmpasn4kv00247rgvnqgj08gh,Tue May 26 2026 12:41:12 GMT+0530 (India Standard Time)
WS_05,cmpnku9ut0039113rr6cei0yk,cmp564b0s001uxwtf27ivohdh,Wed May 27 2026 18:26:20 GMT+0530 (India Standard Time)
WS_05,cmpnlcche005n113r46tswrv8,cmp564b9k001wxwtf3d0mo8ok,Wed May 27 2026 18:29:44 GMT+0530 (India Standard Time)
WS_05,cmpnlwy7x0072113runjndv05,cmp5646yf000yxwtf8guthzlh,Wed May 27 2026 10:42:01 GMT+0530 (India Standard Time)
WS_05,cmpup9yp5002yn6ibrldnkr8b,cmp6ux3a8002q13yg2xixkjkl,Mon Jun 01 2026 09:56:21 GMT+0530 (India Standard Time)
WS_05,cmpqepjkn003h8q83ey8v61tt,cmp564b0s001uxwtf27ivohdh,Fri May 29 2026 09:43:15 GMT+0530 (India Standard Time)
WS_05,cmpqfmwmj006q8q833tzs3m5f,cmp56475f0010xwtfhdqgssy3,Fri May 29 2026 10:09:15 GMT+0530 (India Standard Time)
WS_05,cmpqh0rjn00fh8q83a0ca35nd,cmp56469u000uxwtfgfml14vq,Fri May 29 2026 11:03:37 GMT+0530 (India Standard Time)
WS_05,cmpup2kc2001yn6ib3kqoawzn,cmp564b0s001uxwtf27ivohdh,Mon Jun 01 2026 09:44:30 GMT+0530 (India Standard Time)
WS_05,cmputsqfx001qf7wsk24d3v6h,cmp5645o8000oxwtffkdhldwx,Mon Jun 01 2026 11:59:55 GMT+0530 (India Standard Time)
WS_05,cmpryijts00b358e9jo2gu7uz,cmp5646yf000yxwtf8guthzlh,Sat May 30 2026 11:53:26 GMT+0530 (India Standard Time)
WS_05,cmputnkrl00mjn6ibevad6wi5,cmp56469u000uxwtfgfml14vq,Mon Jun 01 2026 11:56:21 GMT+0530 (India Standard Time)
WS_05,cmpv4mp1m00nn5c25b9j27125,cmpavq4ge0001qugud7o0rs7b,Mon Jun 01 2026 17:00:03 GMT+0530 (India Standard Time)
WS_05,cmpurk4n100akn6ibvv3q6133,cmp564e98002gxwtfqlil4exp,Mon Jun 01 2026 10:54:18 GMT+0530 (India Standard Time)
WS_05,cmpuqcyjy0069n6ibu668amxv,cmp5646yf000yxwtf8guthzlh,Mon Jun 01 2026 10:20:39 GMT+0530 (India Standard Time)
WS_05,cmpw4joks0041idlfs0fqpcqw,cmp564b9k001wxwtf3d0mo8ok,Tue Jun 02 2026 09:45:36 GMT+0530 (India Standard Time)
WS_05,cmpw40cfo002lidlfwzhljyyt,cmpavq4ge0001qugud7o0rs7b,Tue Jun 02 2026 09:30:28 GMT+0530 (India Standard Time)
WS_05,cmpxjngwi001m7dfou4ddezvs,cmp564abg001qxwtfsaxc6qv9,Wed Jun 03 2026 09:36:00 GMT+0530 (India Standard Time)
WS_05,cmpw5brzv007widlfnofqkx22,cmpasn4kv00247rgvnqgj08gh,Tue Jun 02 2026 10:07:17 GMT+0530 (India Standard Time)
WS_05,cmpxji7xa001a7dforkp1orr1,cmp564bkx001yxwtfvrgfywqq,Wed Jun 03 2026 09:31:57 GMT+0530 (India Standard Time)
WS_05,cmpw3wm97000yidlfoggz174q,cmp6ux3a8002q13yg2xixkjkl,Tue Jun 02 2026 09:29:24 GMT+0530 (India Standard Time)
WS_05,cmpxjq3c1002q7dfolpz4inh8,cmp564e0s002exwtfjkzwdz19,Wed Jun 03 2026 09:38:18 GMT+0530 (India Standard Time)
WS_05,cmpxjxbjf005o7dforsckf5m8,cmp6ux3a8002q13yg2xixkjkl,Wed Jun 03 2026 09:45:53 GMT+0530 (India Standard Time)
WS_05,cmpxjp14z002k7dfoxjf4j8fc,cmp564b0s001uxwtf27ivohdh,Wed Jun 03 2026 09:37:12 GMT+0530 (India Standard Time)
WS_05,cmpxkxwqa009z7dfovkbevmb0,cmp5646yf000yxwtf8guthzlh,Wed Jun 03 2026 10:12:17 GMT+0530 (India Standard Time)
WS_05,cmpxjukan003v7dfosp4vg4l5,cmp564b9k001wxwtf3d0mo8ok,Wed Jun 03 2026 09:41:37 GMT+0530 (India Standard Time)
WS_05,cmpxlkojz00bb7dfocw1cayst,cmp564cm30026xwtf3uj0yexl,Wed Jun 03 2026 10:29:57 GMT+0530 (India Standard Time)
WS_05,cmpwbm8cl002f9hik5qh3r7au,cmpwb2yp4000frd9p3d9fk44c,Tue Jun 02 2026 13:03:19 GMT+0530 (India Standard Time)
WS_05,cmpryitxw00bf58e96mdm6rv6,cmp564bkx001yxwtfvrgfywqq,Sat May 30 2026 11:45:45 GMT+0530 (India Standard Time)
WS_05,cmpw9x4ww00jwq3nvfv5ittzs,cmp564e0s002exwtfjkzwdz19,Tue Jun 02 2026 12:15:53 GMT+0530 (India Standard Time)
WS_05,cmpksr7r90084qko3sqmksa54,cmp56475f0010xwtfhdqgssy3,Mon May 25 2026 16:58:50 GMT+0530 (India Standard Time)
WS_05,cmpnleswl006o113rfio8cwys,cmpasn4kv00247rgvnqgj08gh,Wed May 27 2026 10:27:36 GMT+0530 (India Standard Time)
WS_05,cmpkra9o0005oqko3t4zhvp5r,cmp5646yf000yxwtf8guthzlh,Mon May 25 2026 10:49:54 GMT+0530 (India Standard Time)
WS_05,cmpqetun2003n8q83y1p05ju0,cmp564bkx001yxwtfvrgfywqq,Fri May 29 2026 09:49:47 GMT+0530 (India Standard Time)
WS_05,cmpkvlg3c00f7qko3t97y5oew,cmp564e0s002exwtfjkzwdz19,Mon May 25 2026 14:30:47 GMT+0530 (India Standard Time)
WS_05,cmpnz2kii007684nb14jcqirs,cmp564e0s002exwtfjkzwdz19,Wed May 27 2026 17:50:06 GMT+0530 (India Standard Time)
WS_05,cmpqeg0sm001f8q83jdaf2qcg,cmpasn4kv00247rgvnqgj08gh,Fri May 29 2026 09:35:56 GMT+0530 (India Standard Time)
WS_05,cmpuv86q40007l2ii6ztoa6d8,cmp564cm30026xwtf3uj0yexl,Mon Jun 01 2026 12:37:27 GMT+0530 (India Standard Time)
WS_05,cmpuv5dpr0001l2iill2g24a0,cmp5647cg0012xwtf6x9u7lg5,Mon Jun 01 2026 15:35:31 GMT+0530 (India Standard Time)
WS_05,cmpuzbk6v002k5c25mt88sll3,cmp56499y001ixwtf4fg0oq02,Mon Jun 01 2026 15:33:20 GMT+0530 (India Standard Time)
WS_05,cmpw878yr003dq3nvyxgsmpvw,cmp5647cg0012xwtf6x9u7lg5,Tue Jun 02 2026 11:27:41 GMT+0530 (India Standard Time)
WS_05,cmpxjuy6m004s7dfoez369axe,cmp564e98002gxwtfqlil4exp,Wed Jun 03 2026 09:41:59 GMT+0530 (India Standard Time)
WS_05,cmpxjrqaa00387dfojm7helvb,cmpasn4kv00247rgvnqgj08gh,Wed Jun 03 2026 09:39:26 GMT+0530 (India Standard Time)
WS_06,cmpf0pslr00143edaeadgxdba,cmp56458g000kxwtfgr7tplbs,Thu May 21 2026 10:26:19 GMT+0530 (India Standard Time)
WS_06,cmpgx92pm002i16cf8251pz13,cmp564b0s001uxwtf27ivohdh,Fri May 22 2026 18:25:22 GMT+0530 (India Standard Time)
WS_06,cmpf17jvi005f3edak0xejowi,cmpasn4kv00247rgvnqgj08gh,Thu May 21 2026 10:47:46 GMT+0530 (India Standard Time)
WS_06,cmpm4g60j000u12orj85a81u4,cmp564abg001qxwtfsaxc6qv9,Tue May 26 2026 13:04:59 GMT+0530 (India Standard Time)
WS_06,cmpgef7m50005rja7kdns5yr5,cmp564abg001qxwtfsaxc6qv9,Fri May 22 2026 10:25:07 GMT+0530 (India Standard Time)
WS_06,cmpgg8yd3004frja7b2tldvo6,cmp5647cg0012xwtf6x9u7lg5,Fri May 22 2026 10:28:47 GMT+0530 (India Standard Time)
WS_06,cmpghadnk0050rja72pdkqerw,cmp564b9k001wxwtf3d0mo8ok,Fri May 22 2026 10:58:43 GMT+0530 (India Standard Time)
WS_06,cmpnlbz4o005d113r9b5od2fg,cmp56475f0010xwtfhdqgssy3,Wed May 27 2026 11:18:33 GMT+0530 (India Standard Time)
WS_06,cmpm5recv003j12or3w46qgev,cmp6ux3a8002q13yg2xixkjkl,Tue May 26 2026 17:39:28 GMT+0530 (India Standard Time)
WS_06,cmpgedo200001rja7idyb7o4e,cmp564akv001sxwtf08gcor34,Fri May 22 2026 09:41:54 GMT+0530 (India Standard Time)
WS_06,cmpnj87nv0007113rb6ny6lej,cmp564abg001qxwtfsaxc6qv9,Wed May 27 2026 09:33:19 GMT+0530 (India Standard Time)
WS_06,cmpm753pp005812or7019f64d,cmp564b0s001uxwtf27ivohdh,Tue May 26 2026 17:04:47 GMT+0530 (India Standard Time)
WS_06,cmpmaqgxu00a63um4nh1llvmq,cmpasn4kv00247rgvnqgj08gh,Tue May 26 2026 12:41:12 GMT+0530 (India Standard Time)
WS_06,cmpnku9ut0039113rr6cei0yk,cmp564b0s001uxwtf27ivohdh,Wed May 27 2026 18:26:20 GMT+0530 (India Standard Time)
WS_06,cmpnlcche005n113r46tswrv8,cmp564b9k001wxwtf3d0mo8ok,Wed May 27 2026 18:29:44 GMT+0530 (India Standard Time)
WS_06,cmpnlwy7x0072113runjndv05,cmp5646yf000yxwtf8guthzlh,Wed May 27 2026 10:42:01 GMT+0530 (India Standard Time)
WS_06,cmpup9yp5002yn6ibrldnkr8b,cmp6ux3a8002q13yg2xixkjkl,Mon Jun 01 2026 09:56:21 GMT+0530 (India Standard Time)
WS_06,cmpqepjkn003h8q83ey8v61tt,cmp564b0s001uxwtf27ivohdh,Fri May 29 2026 09:43:15 GMT+0530 (India Standard Time)
WS_06,cmpqfmwmj006q8q833tzs3m5f,cmp56475f0010xwtfhdqgssy3,Fri May 29 2026 10:09:15 GMT+0530 (India Standard Time)
WS_06,cmpqh0rjn00fh8q83a0ca35nd,cmp56469u000uxwtfgfml14vq,Fri May 29 2026 11:03:37 GMT+0530 (India Standard Time)
WS_06,cmpup2kc2001yn6ib3kqoawzn,cmp564b0s001uxwtf27ivohdh,Mon Jun 01 2026 09:44:30 GMT+0530 (India Standard Time)
WS_06,cmputsqfx001qf7wsk24d3v6h,cmp5645o8000oxwtffkdhldwx,Mon Jun 01 2026 11:59:55 GMT+0530 (India Standard Time)
WS_06,cmpryijts00b358e9jo2gu7uz,cmp5646yf000yxwtf8guthzlh,Sat May 30 2026 11:53:26 GMT+0530 (India Standard Time)
WS_06,cmputnkrl00mjn6ibevad6wi5,cmp56469u000uxwtfgfml14vq,Mon Jun 01 2026 11:56:21 GMT+0530 (India Standard Time)
WS_06,cmpv4mp1m00nn5c25b9j27125,cmpavq4ge0001qugud7o0rs7b,Mon Jun 01 2026 17:00:03 GMT+0530 (India Standard Time)
WS_06,cmpurk4n100akn6ibvv3q6133,cmp564e98002gxwtfqlil4exp,Mon Jun 01 2026 10:54:18 GMT+0530 (India Standard Time)
WS_06,cmpuqcyjy0069n6ibu668amxv,cmp5646yf000yxwtf8guthzlh,Mon Jun 01 2026 10:20:39 GMT+0530 (India Standard Time)
WS_06,cmpw40cfo002lidlfwzhljyyt,cmpavq4ge0001qugud7o0rs7b,Tue Jun 02 2026 09:30:28 GMT+0530 (India Standard Time)
WS_06,cmpxjngwi001m7dfou4ddezvs,cmp564abg001qxwtfsaxc6qv9,Wed Jun 03 2026 09:36:00 GMT+0530 (India Standard Time)
WS_06,cmpxji7xa001a7dforkp1orr1,cmp564bkx001yxwtfvrgfywqq,Wed Jun 03 2026 09:31:57 GMT+0530 (India Standard Time)
WS_06,cmpw3wm97000yidlfoggz174q,cmp6ux3a8002q13yg2xixkjkl,Tue Jun 02 2026 09:29:24 GMT+0530 (India Standard Time)
WS_06,cmpxjq3c1002q7dfolpz4inh8,cmp564e0s002exwtfjkzwdz19,Wed Jun 03 2026 09:38:18 GMT+0530 (India Standard Time)
WS_06,cmpxjxbjf005o7dforsckf5m8,cmp6ux3a8002q13yg2xixkjkl,Wed Jun 03 2026 09:45:53 GMT+0530 (India Standard Time)
WS_06,cmpxjp14z002k7dfoxjf4j8fc,cmp564b0s001uxwtf27ivohdh,Wed Jun 03 2026 09:37:12 GMT+0530 (India Standard Time)
WS_06,cmpxkxwqa009z7dfovkbevmb0,cmp5646yf000yxwtf8guthzlh,Wed Jun 03 2026 10:12:17 GMT+0530 (India Standard Time)
WS_06,cmpxlkojz00bb7dfocw1cayst,cmp564cm30026xwtf3uj0yexl,Wed Jun 03 2026 10:29:57 GMT+0530 (India Standard Time)
WS_06,cmpwbm8cl002f9hik5qh3r7au,cmpwb2yp4000frd9p3d9fk44c,Tue Jun 02 2026 13:03:19 GMT+0530 (India Standard Time)
WS_06,cmpryitxw00bf58e96mdm6rv6,cmp564bkx001yxwtfvrgfywqq,Sat May 30 2026 11:45:45 GMT+0530 (India Standard Time)
WS_06,cmpw9x4ww00jwq3nvfv5ittzs,cmp564e0s002exwtfjkzwdz19,Tue Jun 02 2026 12:15:53 GMT+0530 (India Standard Time)
WS_06,cmpksr7r90084qko3sqmksa54,cmp56475f0010xwtfhdqgssy3,Mon May 25 2026 16:58:50 GMT+0530 (India Standard Time)
WS_06,cmpnleswl006o113rfio8cwys,cmpasn4kv00247rgvnqgj08gh,Wed May 27 2026 10:27:36 GMT+0530 (India Standard Time)
WS_06,cmpkra9o0005oqko3t4zhvp5r,cmp5646yf000yxwtf8guthzlh,Mon May 25 2026 10:49:54 GMT+0530 (India Standard Time)
WS_06,cmpqetun2003n8q83y1p05ju0,cmp564bkx001yxwtfvrgfywqq,Fri May 29 2026 09:49:47 GMT+0530 (India Standard Time)
WS_06,cmpkvlg3c00f7qko3t97y5oew,cmp564e0s002exwtfjkzwdz19,Mon May 25 2026 14:30:47 GMT+0530 (India Standard Time)
WS_06,cmpnz2kii007684nb14jcqirs,cmp564e0s002exwtfjkzwdz19,Wed May 27 2026 17:50:06 GMT+0530 (India Standard Time)
WS_06,cmpqeg0sm001f8q83jdaf2qcg,cmpasn4kv00247rgvnqgj08gh,Fri May 29 2026 09:35:56 GMT+0530 (India Standard Time)
WS_06,cmpuv86q40007l2ii6ztoa6d8,cmp564cm30026xwtf3uj0yexl,Mon Jun 01 2026 12:37:27 GMT+0530 (India Standard Time)
WS_06,cmpuv5dpr0001l2iill2g24a0,cmp5647cg0012xwtf6x9u7lg5,Mon Jun 01 2026 15:35:31 GMT+0530 (India Standard Time)
WS_06,cmpuzbk6v002k5c25mt88sll3,cmp56499y001ixwtf4fg0oq02,Mon Jun 01 2026 15:33:20 GMT+0530 (India Standard Time)
WS_06,cmpxjuy6m004s7dfoez369axe,cmp564e98002gxwtfqlil4exp,Wed Jun 03 2026 09:41:59 GMT+0530 (India Standard Time)
WS_06,cmpxjrqaa00387dfojm7helvb,cmpasn4kv00247rgvnqgj08gh,Wed Jun 03 2026 09:39:26 GMT+0530 (India Standard Time)
WS_07,cmpf01iln00013eda01ejd4i3,cmp6ux3a8002q13yg2xixkjkl,Thu May 21 2026 17:13:40 GMT+0530 (India Standard Time)
WS_07,cmpf19cx0005j3eda5fm7w2re,cmp5645vj000qxwtfnwh7k3ew,Thu May 21 2026 10:56:53 GMT+0530 (India Standard Time)
WS_07,cmpkrnzho0067qko3bb3gdeql,cmp5645o8000oxwtffkdhldwx,Mon May 25 2026 18:34:41 GMT+0530 (India Standard Time)
WS_07,cmpoz3iy90024124vqryk3eib,cmp564b0s001uxwtf27ivohdh,Thu May 28 2026 11:02:34 GMT+0530 (India Standard Time)
WS_07,cmpruj037004h58e9vnyjtm8u,cmp56475f0010xwtfhdqgssy3,Sat May 30 2026 09:53:52 GMT+0530 (India Standard Time)
WS_07,cmpxj69u500017dfonk142lvp,cmp564akv001sxwtf08gcor34,Wed Jun 03 2026 09:22:45 GMT+0530 (India Standard Time)
WS_07,cmpxjukan003v7dfosp4vg4l5,cmp564b9k001wxwtf3d0mo8ok,Wed Jun 03 2026 09:41:37 GMT+0530 (India Standard Time)
BL_02,cmpfbry8b000510clomvmxw9a,cmp6ux3a8002q13yg2xixkjkl,Thu May 21 2026 15:35:41 GMT+0530 (India Standard Time)
BL_02,cmpf1tzuq00c03eda37ssminb,cmp5645vj000qxwtfnwh7k3ew,Thu May 21 2026 10:57:20 GMT+0530 (India Standard Time)
BL_02,cmpl7xacv0081hqyv42crid4u,cmp5645o8000oxwtffkdhldwx,Mon May 25 2026 18:34:28 GMT+0530 (India Standard Time)
BL_02,cmpl7xg4e0085hqyvd27m8zu0,cmp5645o8000oxwtffkdhldwx,Mon May 25 2026 18:34:36 GMT+0530 (India Standard Time)
BL_02,cmpl7xi850089hqyvny68r8th,cmp5645o8000oxwtffkdhldwx,Mon May 25 2026 18:34:38 GMT+0530 (India Standard Time)
BL_02,cmps3wxlr00k858e9as2bjv8d,cmp56475f0010xwtfhdqgssy3,Sat May 30 2026 14:16:36 GMT+0530 (India Standard Time)
BL_02,cmpp1m0y5005i124voat84q62,cmp564b0s001uxwtf27ivohdh,Thu May 28 2026 10:48:50 GMT+0530 (India Standard Time)
BL_02,cmpxy3pwu00nd13wafrsoklkq,cmp564akv001sxwtf08gcor34,Wed Jun 03 2026 16:20:32 GMT+0530 (India Standard Time)
BL_02,cmpxy3jl400n713wam7cbz1n6,cmp564b9k001wxwtf3d0mo8ok,Wed Jun 03 2026 16:20:24 GMT+0530 (India Standard Time)
